<?xml version="1.0" encoding="UTF-8"?>
<beans:beans xmlns="http://www.springframework.org/schema/mvc"
	xmlns:xsi="http://www.w3.org/2001/XMLSchema-instance"
	xmlns:beans="http://www.springframework.org/schema/beans"
	xmlns:context="http://www.springframework.org/schema/context"
	xsi:schemaLocation="http://www.springframework.org/schema/mvc http://www.springframework.org/schema/mvc/spring-mvc.xsd
		http://www.springframework.org/schema/beans http://www.springframework.org/schema/beans/spring-beans.xsd
		http://www.springframework.org/schema/context http://www.springframework.org/schema/context/spring-context.xsd">

	<!-- DispatcherServlet Context: defines this servlet's request-processing infrastructure -->
	
	<!-- Enables the Spring MVC @Controller programming model -->
	<annotation-driven />

	<!-- Handles HTTP GET requests for /resources/** by efficiently serving up static resources in the ${webappRoot}/resources directory -->
	<resources mapping="/resources/**" location="/resources/" />
	<resources mapping="/images/**" location="/resources/images/" />
	<resources mapping="/assets/**" location="/resources/assets/" />

	<!-- Resolves views selected for rendering by @Controllers to .jsp resources in the /WEB-INF/views directory -->
	<beans:bean class="org.springframework.web.servlet.view.InternalResourceViewResolver">
		<beans:property name="prefix" value="/WEB-INF/views/" />
		<beans:property name="suffix" value=".jsp" />
	</beans:bean>
	
	<context:component-scan base-package="global.sesoc.library" />
	
	<beans:bean class="global.sesoc.library.interceptor.LoginInterceptor" id="loginInterceptor"/>
	
	<interceptors>
		<interceptor>
			<mapping path="/userInfo"></mapping>
			<mapping path="/adminBook"></mapping>
			<mapping path="/rentBook"></mapping>
			<mapping path="/complainBoard"></mapping>
			<mapping path="/report"></mapping>
			<mapping path="/myComplain"></mapping>
			<mapping path="/seatPaper"></mapping>
			<beans:ref bean="loginInterceptor"></beans:ref>
		</interceptor>
	</interceptors>
	<context:component-scan base-package="global.sesoc.library"/>
</beans:beans>
