<?xml version="1.0" encoding="UTF-8"?>
<!DOCTYPE configuration
  PUBLIC "-//mybatis.org//DTD Config 3.0//EN"
  "http://mybatis.org/dtd/mybatis-3-config.dtd">
<configuration>
	<properties resource="db.properties"/>
	<typeAliases>
		<typeAlias type="global.sesoc.library.dto.Desk" alias="Desk"/>
		<typeAlias type="global.sesoc.library.dto.Seat" alias="Seat"/>
		<typeAlias type="global.sesoc.library.dto.WaitPaper" alias="WaitPaper"/>
		<typeAlias type="global.sesoc.library.dto.SubUserInfo" alias="SubUserInfo"/>
		<typeAlias type="global.sesoc.library.dto.RentSeat" alias="RentSeat"/>
		<typeAlias type="global.sesoc.library.dto.Member" alias="Member"/>
		<typeAlias type="global.sesoc.library.dto.Statistics1" alias="Statistics1"/>
		<typeAlias type="global.sesoc.library.dto.Statistics2" alias="Statistics2"/>
		<typeAlias type="global.sesoc.library.dto.PortName" alias="PortName"/>
		<typeAlias type="global.sesoc.library.dto.Reliability" alias="Reliability"/>
		<typeAlias type="global.sesoc.library.dto.Complain" alias="Complain"/>
		<typeAlias type="global.sesoc.library.dto.SeatPenalty" alias="SeatPenalty"/>
		<typeAlias type="global.sesoc.library.dto.SeatUser" alias="SeatUser"/>
		<typeAlias type="global.sesoc.library.dto.RentBook" alias="rentBook"/>
		<typeAlias type="global.sesoc.library.dto.Book" alias="book"/>
		<typeAlias type="global.sesoc.library.dto.BookPenalty" alias="bookPenalty"/>
		<typeAlias type="global.sesoc.library.dto.BookView" alias="bookView"/>
		<typeAlias type="global.sesoc.library.dto.MemberView" alias="memberView"/>
	</typeAliases>
	  <environments default="development">
	    <environment id="development">
	      <transactionManager type="JDBC"/>
	      <dataSource type="POOLED">
	        <property name="driver" value="${driver}"/>
	        <property name="url" value="${url}"/>
	        <property name="username" value="${username}"/>
	        <property name="password" value="${password}"/>
	      </dataSource>
	    </environment>
	  </environments>
  <mappers>
    <mapper resource="mappers/studyMapper.xml"/>
    <mapper resource="mappers/bookMapper.xml"/>
  </mappers>
</configuration>