<?xml version="1.0" encoding="UTF-8"?>
<!DOCTYPE mapper
  PUBLIC "-//mybatis.org//DTD Mapper 3.0//EN"
  "http://mybatis.org/dtd/mybatis-3-mapper.dtd">
<mapper namespace="global.sesoc.library.dao.BookDao">
   <!-- 책 등록 -->
   <insert id="insertBook" parameterType="book">
      insert into
      book(
      booknum
      ,bookcode
      ,bookid
      ,title
      ,writer
      ,publisher
      ,pubdate
      <if test="originfile !=null and savedfile !=null">
         ,originfile
         ,savedfile
      </if>
      )
      values(
      book_seq.nextval
      ,#{bookcode}
      ,#{bookid}
      ,#{title}
      ,#{writer}
      ,#{publisher}
      ,to_date(#{pubdate},'YYYY-MM-DD')
      <if test="originfile != null and savedfile != null">
         ,#{originfile}
         ,#{savedfile}
      </if>
      )
   </insert>

   <!-- 전체 책 list -->
   <select id="selectAll" resultType="book">
      select
      booknum
      ,bookcode
      ,bookid
      ,status
      ,title
      ,writer
      ,publisher
      , to_char(pubdate, 'YYYY-MM-DD') as pubdate
      from
      book
      order by bookid

   </select>

   <!-- 책 한개 정보 -->
   <select id="selectOne" parameterType="int" resultType="book">
      select
      booknum
      ,bookcode
      ,bookid
      ,status
      ,title
      ,writer
      ,publisher
      ,to_char(pubdate, 'YYYY-MM-DD') as pubdate
      ,originfile
      ,savedfile
      from
      book
      where
      booknum = #{booknum}

   </select>

   <select id="selectOne098" parameterType="int" resultType="bookview">
      select b.booknum, b.bookcode, b.title, b.writer, b.publisher, b.publisher,
      b.originfile, b.status,
      to_char(rb.rentdate, 'yyyy-mm-dd') as rentdate,
      to_char(rb.enddate, 'yyyy-mm-dd') as enddate
      from book b, (select * from rentbook where status = 0) rb
      where 
      rb.booknum = #{booknum} 
      and 
      b.booknum = #{booknum}
      order by b.bookcode, b.title

   </select>



   <!-- 책 삭제 -->
   <delete id="deleteBook" parameterType="int">
      delete
      book
      where
      booknum = #{booknum}
   </delete>

   <!-- 책 업데이트 -->
   <update id="updateBook" parameterType="book">
      update
      book
      set
      bookcode = #{bookcode}
      ,bookid = #{bookid}
      ,title = #{title}
      ,writer = #{writer}
      ,publisher = #{publisher}
      ,pubdate = to_date(#{pubdate},'YYYY-MM-DD')
      ,originfile = #{originfile}
      ,savedfile = #{savedfile}
      where
      booknum = #{booknum}

   </update>

   <!-- 책 종합 수 -->
   <select id="recordCount" resultType="int">
      select count(booknum) from
      book

   </select>

   <!-- 책 도서번호로 찾기 -->
   <select id="searchNum" parameterType="String" resultType="book">
      select
      booknum
      ,bookcode
      ,bookid
      ,status
      ,title
      ,writer
      ,publisher
      , to_char(pubdate, 'YYYY-MM-DD') as pubdate
      ,originfile
      ,savedfile
      from
      book
      where
      bookcode like '%'||#{searchWord}|| '%'
      order by bookcode

   </select>

   <!-- 책 도서명으로 찾기 -->
   <select id="searchTitle" parameterType="String" resultType="book">
      select
      booknum
      ,bookcode
      ,bookid
      ,status
      ,title
      ,writer
      ,publisher
      ,to_char(pubdate, 'YYYY-MM-DD') as pubdate
      ,originfile
      ,savedfile
      from
      book
      where
      title like '%'||#{searchWord}|| '%'
      order by title, bookid
   </select>
   <!-- 책 저자로 찾기 -->
   <select id="searchWriter" parameterType="String" resultType="book">
      select
      booknum
      ,bookcode
      ,bookid
      ,status
      ,title
      ,writer
      ,publisher
      ,to_char(pubdate, 'YYYY-MM-DD') as pubdate
      ,originfile
      ,savedfile
      from
      book
      where
      writer like '%'||#{searchWord}|| '%'
      order by writer
   </select>
   <!-- 책 출판사로 찾기 -->
   <select id="searchPublisher" parameterType="String" resultType="book">
      select
      booknum
      ,bookcode
      ,bookid
      ,status
      ,title
      ,writer
      ,publisher
      ,to_char(pubdate, 'YYYY-MM-DD') as pubdate
      ,originfile
      ,savedfile
      from
      book
      where
      publisher like '%'||#{searchWord}|| '%'
      order by publisher
   </select>

   <!-- 책 번호 중복 검사 -->
   <select id="bookcodeCheck" parameterType="String" resultType="book">
      select * from book
      where
      bookcode = #{bookcode}
   </select>

   <select id="getTotalBook" resultType="int" parameterType="map">
      select
      count(*)
      from
      book
      where
      ${searchItem} like '%' || #{searchWord} || '%'
   </select>

   <select id="searchBook" parameterType="map" resultType="book">
      select
      booknum
      ,bookcode
      ,bookid
      ,status
      ,title
      ,writer
      ,publisher
      ,to_char(pubdate, 'YYYY-MM-DD') pubdate
      ,originfile
      ,savedfile
      from
      book
      where
      ${searchItem} like '%' || #{searchWord} || '%'
      order by
      bookid
   </select>

   <select id="searchUserId" parameterType="String" resultType="Member">
      select
      userid
      ,usertype
      ,username
      ,phone
      ,to_char(birth,'YYYY-MM-DD') birth
      ,originfile
      ,savedfile
      ,bookcount
      from
      member
      where
      userid = #{userid}
   </select>

   <select id="searchRentInfo" parameterType="String" resultType="rentBook">
      select
      a.rbnum
      ,a.userid
      ,a.booknum
      ,a.status
      ,to_char(a.rentdate, 'YYYY-MM-DD') as rentdate
      ,to_char(a.enddate, 'YYYY-MM-DD') as enddate
      ,a.returndate
      ,a.rentperiod
      ,b.title
      ,b.bookcode
      from rentbook a, book b
      where
      a.booknum = b.booknum
      and a.userid=#{userid}
      and a.status = 0
   </select>

   <select id="searchBookInfo" parameterType="String"
      resultType="book">
      select
      booknum
      ,bookcode
      ,bookid
      ,status
      ,title
      ,writer
      ,publisher
      ,to_char(pubdate, 'YYYY-MM-DD') pubdate
      ,originfile
      ,savedfile
      from
      book
      where
      bookcode =#{bookcode}

   </select>

   <select id="searchRentInfo2" parameterType="int" resultType="rentBook">
      select
      rbnum
      ,userid
      ,booknum
      ,status
      ,to_char(rentdate, 'YYYY-MM-DD') rentdate
      ,to_char(enddate, 'YYYY-MM-DD') enddate
      ,returndate
      ,rentperiod
      from
      rentbook
      where
      booknum = #{booknum}
      and
      status = 0
   </select>

   <insert id="rentBook" parameterType="map">
      insert into rentbook(
      rbnum
      ,userid
      ,booknum
      )
      values(
      rb_seq.nextval
      ,#{userid}
      ,#{booknum}
      )

   </insert>

   <update id="updateStatus" parameterType="int">
      update book
      set
      status = 0
      where
      booknum = #{booknum}
   </update>

   <select id="bookPenalty" parameterType="String"
      resultType="bookPenalty">
      select * from
      bookpenalty
      where
      userid =#{userid}
      and enddate > sysdate
   </select>

   <select id="rbCheck" resultType="int">
      select status from book
      where
      booknum = #{booknum}
   </select>

   <select id="checkOver" resultType="string">
<![CDATA[
   select userid from rentbook 
   where enddate < sysdate and status = 0 and returndate is null
   group by userid
]]>
   </select>

   <select id="checkBookPenal" parameterType="string"
      resultType="bookPenalty">
      select * from bookpenalty where userid = #{userid}
      and
      enddate > sysdate
   </select>

   <insert id="insertBP" parameterType="string">
      insert into
      bookpenalty(bpnum, userid) values(bp_seq.nextval, #{userid})
   </insert>

   <update id="updateBP" parameterType="string">
      update bookpenalty
      set
      startdate = sysdate, enddate = sysdate + 14
      where userid = #{userid}
      and enddate > sysdate
   </update>

   <select id="checkOverBook" resultType="int">
<![CDATA[   
   select booknum from rentbook 
   where enddate < sysdate and status = 0 and returndate is null
   group by booknum
]]>
   </select>

   <update id="updateOverBook" parameterType="int">
      update book set status
      = -1 where booknum = #{booknum}
   </update>

   <update id="returnBook" parameterType="int">
      update book set status = 1
      where booknum = #{booknum}
   </update>

   <update id="returnRentBook" parameterType="int">
      update rentbook set
      status = 1, returndate = sysdate,
      rentperiod=sysdate-rentdate where
      booknum = #{booknum}
   </update>

   <update id="returnBook2" parameterType="int">
      update book set status =
      1 where booknum = #{booknum}
   </update>

   <update id="returnRentBook2" parameterType="int">
      update rentbook set
      status = -1, returndate = sysdate,
      rentperiod=returndate-rentdate where
      booknum = #{booknum}
   </update>

   <update id="updateBookcount" parameterType="String">
      update member set
      bookcount = bookcount+1 where userid = #{userid}

   </update>


   <select id="countCheck" parameterType="String" resultType="rentBook">
      select * from rentbook
      where
      userid = #{userid}
      and status= 0

   </select>

   <select id="allBookList" resultType="book">
      select
      booknum
      ,bookcode
      ,bookid
      ,status
      ,title
      ,writer
      ,publisher
      ,to_char(pubdate, 'YYYY-MM-DD') pubdate
      ,originfile
      ,savedfile
      from book

   </select>

   <select id="allRentList" resultType="rentBook">
      select
	      rbnum
	      ,bookcode
	      ,userid
	      ,booknum
	      ,status
	      ,rentdate
	      ,enddate
      from rentbook
      where status = 0
   </select>

   <select id="getBookView" parameterType="map" resultType="bookView">
      select b.booknum, b.bookcode, b.title, b.writer,
      b.publisher, b.publisher,
      b.originfile, b.status,
      nvl(to_char(rb.rentdate, 'yyyy-mm-dd'), ' ') as rentdate,
      nvl(to_char(rb.enddate, 'yyyy-mm-dd'), ' ') as enddate
      from (select * from book where
      ${searchItem} like '%' || #{searchWord} ||
      '%') b, (select * from rentbook where status = 0) rb
      where b.booknum =
      rb.booknum(+)
      order by b.bookcode, b.title
   </select>

   <select id="getMemberView" parameterType="map" resultType="memberView">
      select m.userid, m.username, m.phone, to_char(m.birth,
      'yyyy-mm-dd') as
      birth, m.bookcount,
      nvl(to_char(bp.enddate,'yyyy-mm-dd'),' ') as enddate
      from (select * from member where ${searchItem2} like '%'
      || #{searchWord2}
      || '%') m, (select * from bookpenalty where enddate > sysdate) bp
      where
      m.userid = bp.userid(+)
      order by m.userid, m.username
   </select>
   
   <select id="getNewBook" resultType="book">
   	<![CDATA[
   		select a.*
   		from
   			(select rownum as rowed, b.*
   			from (select * from book order by booknum desc) b
   			order by booknum desc) a
		where a.rowed < 4
		order by a.rowed
   	]]>
   </select>
   
   <select id="getTotalMember1" parameterType="map" resultType="int">
      select count(*)
      from (select * from member where ${searchItem2} like '%'
      || #{searchWord2}
      || '%') m, (select * from bookpenalty where enddate > sysdate) bp
      where
      m.userid = bp.userid(+)
   </select>
   
      <select id="getTotalBook1" parameterType="map" resultType="int">
      select count(*)
      from (select * from book where ${searchItem} like '%'
      || #{searchWord}
      || '%') b, (select * from rentbook where status = 0) rb
      where
      b.booknum = rb.booknum(+)
   </select>
   
   <select id="searchCount" parameterType="String" resultType="int">
     select count(*)  
      from
      book
      where
      title like '%'||#{searchWord}|| '%'
      order by title, bookid
   </select>
   
    <select id="searchWriterCount" parameterType="String" resultType="int">
     select count(*)  
      from
      book
      where
      writer like '%'||#{searchWord}|| '%'
      order by writer, bookid
   </select>
   
   <select id="searchBookcodeCount" parameterType="String" resultType="int">
     select count(*)  
      from
      book
      where
      bookcode like '%'||#{searchWord}|| '%'
      order by bookcode, bookid
   </select>
   
    <select id="searchPublisherCount" parameterType="String" resultType="int">
     select count(*)  
      from
      book
      where
      publisher like '%'||#{searchWord}|| '%'
      order by publisher, bookid
   </select>
 
</mapper>