<?xml version="1.0" encoding="UTF-8"?>
<!DOCTYPE mapper
  PUBLIC "-//mybatis.org//DTD Mapper 3.0//EN"
  "http://mybatis.org/dtd/mybatis-3-mapper.dtd">
<mapper namespace="global.sesoc.library.dao.ComplainDao">
<insert id="report" parameterType="Complain">
	insert into
		complain 
		(
		  compnum
		 ,regtime
		 ,comptype
		 ,title
		 ,content
		 ,reguser
		 <if test="comptype==1">,target ,target2</if>
		 <if test="comptype!=1 and comptype!=null">,target</if>
		 )
	values
		(
		  comp_seq.nextval
		 ,sysdate
		 ,#{comptype}
		 ,#{title}
		 ,#{content}
		 ,#{reguser}
		 <if test="comptype==1">,#{target} ,#{target2}</if>
		 <if test="comptype!=1 and comptype!=null">,#{target}</if>
		)
</insert>

<select id="selectAll" resultType="Complain">
	select
		  compnum
		 ,to_char(regtime, 'YYYY-MM-DD HH24:MI:SS') as regtime
		 ,comptype
		 ,title
		 ,content
		 ,reguser
		 ,target
		 ,target2
	from
		complain
	where
		 ${searchItem} like '%' || #{searchWord} || '%'
	order by
		compnum desc
</select>

<select id="getEveryComplaint" parameterType="map" resultType="int">
	select
		count(*)
	from
		complain
	where
		${searchItem} like '%' || #{searchWord} || '%'
</select>

<select id="selectOne" resultType="Complain" parameterType="int">
	select
		 compnum
		 ,to_char(regtime, 'YYYY-MM-DD HH24:MI:SS') as regtime
		 ,comptype
		 ,title
		 ,content
		 ,reguser
		 ,target
		 ,target2
	from
		complain
	where
		compnum = #{compnum}
</select>

<select id="myReportList" resultType="Complain" parameterType="String">
	select
		 compnum
		 ,to_char(regtime, 'YYYY-MM-DD') as regtime
		 ,comptype
		 ,title
		 ,content
		 ,reguser
		 ,target
		 ,target2
	from
		complain
	where
		reguser=#{reguser}
</select>

<select id="compAgainstMe" resultType="Complain" parameterType="String">
	select
		 compnum
		 ,to_char(regtime, 'YYYY-MM-DD HH24:MI:SS') as regtime
		 ,comptype
		 ,title
		 ,content
		 ,reguser
		 ,target
		 ,target2
	from
		complain
	where
		target=#{target}
</select>

<delete id="deleteComplaint" parameterType="int">
	delete
		complain
	where
		compnum=#{compnum}
</delete>

<select id="penaltyCheck" resultType="Complain" parameterType="String">
	select *
	from complain
	where comptype != 1 
	and regtime between sysdate - 30 and sysdate
	and target = #{target}
	order by regtime desc
</select>

<select id="penaltyCheck2" resultType="Complain" parameterType="map">
	select *
	from complain
	where comptype = 1 
	and regtime between sysdate - 30 and sysdate 
	and target in (#{target}, #{target2}) and target2 in (#{target}, #{target2})
	order by regtime desc
</select>

<select id="getIdBySeatnum" resultType="String" parameterType="int">
	select 
		userid
	from 
		rentseat
	where 
		status = 0 and returntime is null 
	and 
		to_char(renttime, 'yyyymmdd') = to_char(sysdate, 'yyyymmdd') 
	and 
		seatnum = #{seatnum}
</select>

<insert id="insertSP" parameterType="SeatPenalty">
	insert into seatpenalty(spnum, userid 
		<if test="penaltytype == 1">, userid2</if>
		, penaltytype, startdate, enddate)
	values(sp_seq.nextval, #{userid}
		<if test="penaltytype == 1">, #{userid2}</if>
		, #{penaltytype}, sysdate, sysdate + 7)
</insert>

<select id="getComp" parameterType="int" resultType="Complain">
	select * from complain where compnum = #{compnum}
</select>

<delete id="deleteSP" parameterType="SeatPenalty">
	delete seatpenalty 
	where
		<if test="penaltytype == 1">
			<![CDATA[
				startdate < sysdate
				and enddate > sysdate
				and userid in (#{userid}, #{userid2})
				and userid2 in (#{userid}, #{userid2})
			]]>
		</if>
		<if test="penaltytype == 0">
			<![CDATA[
				startdate < sysdate
				and enddate > sysdate
				and userid = #{userid}
			]]>
		</if>
</delete>

<select id="getSP" parameterType="map" resultType="SeatPenalty">
	select * from seatpenalty
	where
		<if test="penaltytype == 1">
			<![CDATA[
				startdate < sysdate
				and enddate > sysdate
				and userid in (#{userid}, #{userid2})
				and userid2 in (#{userid}, #{userid2})
			]]>
		</if>
		<if test="penaltytype == 0">
			<![CDATA[
				startdate < sysdate
				and enddate > sysdate
				and userid = #{userid}
			]]>
		</if>
</select>

<update id="updateSPDate" parameterType="SeatPenalty">
	update seatpenalty set startdate = sysdate, enddate = sysdate + 7
	where spnum = #{spnum}
</update>

<select id="compCheck" parameterType="Complain" resultType="Complain">
	select * from complain
	where to_char(regtime, 'yyyymmdd') = to_char(sysdate, 'yyyymmdd')
		and reguser = #{reguser}
		<if test="comptype != 1">
			and target = #{target}
		</if> 
		<if test="comptype == 1">
			and (target in (#{target}, #{target2}) and target2 in (#{target}, #{target2}))
		</if>
</select>
</mapper>