<?xml version="1.0" encoding="UTF-8"?>
<!DOCTYPE mapper
  PUBLIC "-//mybatis.org//DTD Mapper 3.0//EN"
  "http://mybatis.org/dtd/mybatis-3-mapper.dtd">
<mapper namespace="global.sesoc.library.dao.StudyDao">
	<select id="getAllDesk" resultType="Desk">
		select * from desk where location = #{location} order by desknum 
	</select>
	
	<select id="getAllSeat" resultType="Seat">
		select s.seatnum, s.desknum, s.status, s.ups, s.downs, s.lefts, s.rights, 
			to_char(s.abstime, 'hh24:mi') as abstime, s.sensornum
		from seat s, desk d
		where s.desknum = d.desknum and d.location = #{location}
		order by s.desknum desc, s.seatnum desc
	</select>
	
	<select id="getAllWait" parameterType="string" resultType="WaitPaper">
		select *
		from waitpaper
		where (to_char(waitdate, 'yyyy-mm-dd') = substr(#{now}, 1, 10) and usetime is null and abletime is null) 
			or (to_char(waitdate, 'yyyy-mm-dd') = substr(#{now}, 1, 10) and usetime is null 
				and abletime is not null and expiretime > to_date(#{now}, 'yyyy-mm-dd hh24:mi:ss'))
		order by waitnum
	</select>
	
	<select id="getUnableWait" parameterType="string" resultType="WaitPaper">
		select *
		from waitpaper
		where to_char(waitdate, 'yyyy-mm-dd') = substr(#{now}, 1, 10) and usetime is null and abletime is null
		order by waitnum
	</select>
	
	<select id="getAbleWait" parameterType="string" resultType="WaitPaper">
		select *
		from waitpaper
		where to_char(waitdate, 'yyyy-mm-dd') = substr(#{now}, 1, 10) and usetime is null 
			and abletime is not null and expiretime > to_date(#{now}, 'yyyy-mm-dd hh24:mi:ss')
		order by waitnum
	</select>
	
	<select id="getSubUserInfo" parameterType="int" resultType="SubUserInfo">
		select rs.seatnum, m.username, to_char(m.birth, 'yyyy-mm-dd') as birth, m.phone, m.originfile, m.savedfile, to_char(rs.renttime, 'yyyy-mm-dd hh24:mi:ss') as renttime
		from member m, rentseat rs
		where rs.seatnum = #{seatnum} and rs.userid = m.userid and rs.returntime is null
	</select>
	
	<insert id="insertRentSeat" parameterType="RentSeat">
		insert into rentseat(rsnum, userid, seatnum)
		values(rs_seq.nextval, #{userid}, #{seatnum})
	</insert>
	
	<select id="getRentPaper" parameterType="string" resultType="RentSeat">
		select rs.rsnum, m.username as userid, rs.seatnum, rs.status, rs.renttime
		from rentseat rs, member m
		where rs.userid = m.userid 
			and rs.userid = #{userid}
			and rs.status = 0
	</select>
	
	<select id="getAbleSeat" resultType="Seat">
		select * from seat where status = 1 order by seatnum
	</select>
	
	<select id="getAllPaper" resultType="WaitPaper">
		select * from waitpaper where to_char(waitdate, 'yyyymmdd') = to_char(sysdate, 'yyyymmdd') order by waitnum desc
	</select>
	
	<insert id="insertWait" parameterType="WaitPaper">
		insert into waitpaper(papernum, waitnum, userid) values(wait_seq.nextval, #{waitnum}, #{userid})
	</insert>
	
	<select id="getUsingSeat" parameterType="string" resultType="RentSeat">
		select * from rentseat
		where userid = #{userid} and status = 0
	</select>
	
	<select id="getWaitPaper" parameterType="string" resultType="WaitPaper">
		select * from waitpaper
		where to_char(waitdate, 'yyyymmdd') = to_char(sysdate, 'yyyymmdd') and userid = #{userid} 
			and usetime is null and (expiretime is null or expiretime > sysdate)
	</select>
	
	<select id="getWaitInfo" parameterType="string" resultType="WaitPaper">
		select wp.waitnum, m.username as userid, wp.papernum,
			to_char(wp.waitdate, 'yyyy-mm-dd') as waitdate,
			to_char(wp.issuetime, 'yyyy-mm-dd hh24:mi:ss') as issuetime,  
			to_char(wp.abletime, 'yyyy-mm-dd hh24:mi:ss') as abletime,
			to_char(wp.expiretime, 'yyyy-mm-dd hh24:mi:ss') as expiretime,
			to_char(wp.usetime, 'yyyy-mm-dd hh24:mi:ss') as usetime
		from waitpaper wp, member m
		where wp.userid = m.userid and wp.userid = #{userid} 
			and usetime is null and (expiretime is null or expiretime > sysdate)
	</select>
	
	<update id="updateSeatStatus" parameterType="map">
		update seat set status = #{status} where seatnum = #{seatnum}
	</update>
	
	<update id="returnSeat" parameterType="map">
		update rentseat set status = 1, returntime = sysdate, rentperiod = (sysdate - renttime) * 24 * 60 
		where status = 0 and userid = #{userid} and seatnum = #{seatnum}
	</update>
	
	<update id="updateAbleWait" parameterType="WaitPaper">
		update waitpaper set abletime = sysdate, expiretime = (sysdate + 1/24) where papernum = #{papernum}
	</update>
	
	<update id="useWait" parameterType="WaitPaper">
		update waitpaper set usetime = sysdate where papernum = #{papernum}
	</update>
	
	<!-- 통계관련 -->
	
	<select id="getSta1" resultType="Statistics1">
		select 
			to_char(to_date(rs.renttime, 'yyyy-mm-dd'), 'd') as weekday
			, round(avg(rs.rscount), 0) as avgrs
			, round(avg(rs.avgrsp), 0) as avgrsp
			, nvl(round(avg(wp.wpcount), 0), 0) as avgwp
		from 
			(select to_char(renttime, 'yyyy-mm-dd') as renttime, count(*) as rscount, avg(rentperiod) as avgrsp from rentseat where renttime > sysdate - 365 group by to_char(renttime, 'yyyy-mm-dd')) rs
			, (select to_char(waitdate, 'yyyy-mm-dd') as waitdate, count(*) as wpcount from waitpaper where waitdate > sysdate - 365 group by to_char(waitdate, 'yyyy-mm-dd')) wp
		where 
			rs.renttime = wp.waitdate(+)
		group by 
			to_char(to_date(rs.renttime, 'yyyy-mm-dd'), 'd')
		order by to_char(to_date(rs.renttime, 'yyyy-mm-dd'), 'd')
	</select>
	
	<select id="getSta2" parameterType="Statistics2" resultType="Statistics2">
	<![CDATA[
		select
  			to_char(to_date(rs.renttime, 'yyyy-mm-dd'), 'd') as weekday
  			, round(avg(rs.counts), 0) as rscount
  			, nvl(round(avg(wp.counts), 0), 0) as wpcount
		from
  			(select to_char(renttime, 'yyyy-mm-dd') as renttime, count(*) as counts from rentseat 
  				where renttime > sysdate - 365 
  				and to_char(renttime, 'd') = #{weekday} 
  				and to_char(renttime, 'hh24mi') <= #{checktime} 
  				and to_char(returntime, 'hh24mi') >= #{checktime}  
  				group by to_char(renttime, 'yyyy-mm-dd')) rs
  			, (select to_char(waitdate, 'yyyy-mm-dd') as waitdate, count(*) as counts from waitpaper 
  				where waitdate > sysdate - 365 
  				and to_char(waitdate, 'd') = #{weekday} 
  				and to_char(issuetime, 'hh24mi') <= #{checktime} 
  				and CASE usetime WHEN NULL THEN to_char(expiretime, 'hh24mi') 
       				ELSE to_char(usetime, 'hh24mi') END >= #{checktime} 
      			group by to_char(waitdate, 'yyyy-mm-dd')) wp
		where
  			rs.renttime = wp.waitdate(+)
		group by 
  			to_char(to_date(rs.renttime, 'yyyy-mm-dd'), 'd')
  	]]>
	</select>
	
	<update id="returnSeat2" parameterType="int">
		update rentseat set status = -1, returntime = sysdate, rentperiod = ((sysdate - renttime) * 24 * 60) 
		where status = 0 and seatnum = #{seatnum}
	</update>
	
	<select id="getSeatUserid" parameterType="int" resultType="string">
		select userid from rentseat where seatnum = #{seatnum} and status = 0
	</select>
	
	<select id="getEverySeat" resultType="Seat">
		select * from seat order by seatnum
	</select>
	
	<update id="regAbstime" parameterType="int">
		update seat set abstime = sysdate where seatnum = #{seatnum}
	</update>
	
	<insert id="regBaseData" parameterType="int">
		insert into basedata(bdnum, regdata) values(bd_seq.nextval, #{basedata})
	</insert>
	
	<select id="getPortNames" resultType="PortName">
		select * from portnames order by seatnum
	</select>
	
	<insert id="insertPortNames" parameterType="PortName">
		insert into portnames values(#{seatnum}, #{portname})
	</insert>
	
	<select id="getPortName" parameterType="int" resultType="PortName">
		select * from portnames where seatnum = #{seatnum}
	</select>
	
	<select id="getReliability" resultType="Reliability">
		select f.xbar, e.sigma258
			from
  				(select (sqrt(d.square / (d.n - 1)) * 2.58) as sigma258
  				from
   					(select sum(c.square) as square, count(*) as n
   					from
    					(select power((b.regdata - a.xbar), 2) as square
    					from 
    					(select avg(regdata) as xbar from basedata) a, basedata b) c) d) e
  			, (select avg(regdata) as xbar from basedata) f
	</select>
	
	<select id="getSP0" parameterType="string" resultType="SeatPenalty">
		<![CDATA[
			select * from seatpenalty
			where penaltytype = 0 and userid = #{userid} and startdate < sysdate and enddate > sysdate
		]]>
	</select>
	
	<select id="getSP1" parameterType="string" resultType="SeatPenalty">
		<![CDATA[
			select * from seatpenalty
			where penaltytype = 1 and (userid = #{userid} or userid2 = #{userid})
				and startdate < sysdate and enddate > sysdate
		]]>
	</select>
	
	<select id="checkPartner" parameterType="int" resultType="SeatUser">
		select s.seatnum as seatnum, ups.userid as upsid, downs.userid as downsid, lefts.userid as leftsid, rights.userid as rightsid
		from 
			(select s.seatnum, rs.userid from seat s, rentseat rs where s.seatnum = #{seatnum} and rs.status = 0 and s.ups = rs.seatnum(+)) ups
			, (select s.seatnum, rs.userid from seat s, rentseat rs where s.seatnum = #{seatnum} and rs.status = 0 and s.downs = rs.seatnum(+)) downs
			, (select s.seatnum, rs.userid from seat s, rentseat rs where s.seatnum = #{seatnum} and rs.status = 0 and s.lefts = rs.seatnum(+)) lefts
			, (select s.seatnum, rs.userid from seat s, rentseat rs where s.seatnum = #{seatnum} and rs.status = 0 and s.rights = rs.seatnum(+)) rights
			, seat s
		where s.seatnum = ups.seatnum(+) and s.seatnum = downs.seatnum(+) and s.seatnum = lefts.seatnum(+) and s.seatnum = rights.seatnum(+) 
			and s.seatnum = #{seatnum}
	</select>
	
	<select id="getAbleWaitById" parameterType="string" resultType="WaitPaper">
		select * from waitpaper
		where userid = #{userid} and to_char(waitdate, 'yyyymmdd') = to_char(sysdate, 'yyyymmdd')
			and usetime is null and abletime is not null and expiretime > sysdate
	</select>
	
	<select id="getSendPhone" parameterType="string" resultType="string">
		select phone from member where userid = #{userid}
	</select>
</mapper>