<?xml version="1.0" encoding="UTF-8"?>
<!DOCTYPE mapper
  PUBLIC "-//mybatis.org//DTD Mapper 3.0//EN"
  "http://mybatis.org/dtd/mybatis-3-mapper.dtd">
<mapper namespace="global.sesoc.library.dao.MemberDao">
<!-- 아이디 중복 확인 -->
<select id="selectOne" parameterType="Member" resultType="Member">
	select 
		userid,
		usertype,
		username,
		userpwd,
		phone,
		to_char(birth, 'yyyy-mm-dd') birth,
		originfile,
		savedfile,
		bookcount
	from
		member
	where
		userid=#{userid}
		<if test="userpwd != null">
			and userpwd = #{userpwd}
		</if>
</select>
<!-- 회원가입 -->
<insert id="insertJoin" parameterType="Member">
	insert into 
		member
	(
		 userid
		,usertype
		,username
		,userpwd
		,phone
		,birth
		,originfile
		,savedfile
	)values
	(
		 #{userid}
		,#{usertype}
		,#{username}
		,#{userpwd}
		,#{phone}
		,#{birth}
		,#{originfile}
		,#{savedfile}
	)
</insert>

<update id="updatePwd" parameterType="Member">
	update member set userpwd = #{userpwd} where userid = #{userid}
</update>

<delete id="deleteMember" parameterType="Member">
	delete member where userid = #{userid}
</delete>

<update id="updateUserInfo" parameterType="Member">
	update member
	set
		phone = #{phone}
	<if test="originfile != null">
		, originfile = #{originfile}
		, savedfile = #{savedfile}
	</if>	
	where userid = #{userid}
</update>


<select id="selectRentbook" resultType="rentBook" parameterType="string">
	select
		rb.rbnum,
		rb.userid,
		rb.booknum,
		b.title,
		rb.status,
		to_char(rb.rentdate,'yyyy-mm-dd') rentdate,
		to_char(rb.enddate, 'yyyy-mm-dd') enddate,
		to_char(rb.returndate, 'yyyy-mm-dd') returndate,
		rb.rentperiod
	from
		rentbook rb,
		book b
	where
		rb.userid =	#{userid}
		and b.booknum = rb.booknum
	order by
		rb.rbnum desc 
</select>

<select id="selectComplain" resultType="Complain" parameterType="string">
	select 
		compnum,
		reguser,
		target,
		target2,
		to_char(regtime, 'yyyy-mm-dd') regtime,
		comptype,
		title,
		content
	from
		complain 
	where 
		reguser = #{userid}
		or target = #{userid}
		or target2 = #{userid} 
	order by 
		compnum desc 
</select>

<select id="complainDetail" resultType="Complain" parameterType="int">
	select 
		compnum,
		reguser,
		target,
		target2,
		regtime,
		comptype,
		title,
		content 
	from 
		complain 
	where 
		compnum	= #{compnum} 
	order by 
		regtime desc 
</select>

</mapper>